MSE (Train),MSE (Test),R^2 (Train),R^2 (Test),MAE (Train),MAE (Test),Standard Deviation (Train),Standard Deviation (Test)
0.01705090535928215,0.09003794297091207,0.9903795343980842,0.9430610341399632,0.09831992777835913,0.20692212588507475,0.12611421078165536,0.2974621382039628
