MSE (Train),MSE (Test),R^2 (Train),R^2 (Test),MAE (Train),MAE (Test),Standard Deviation (Train),Standard Deviation (Test)
0.0137658311563241,0.17109209263519468,0.990865485576372,0.9148829900232914,0.07972000827390283,0.25031220028267276,0.11698523004439888,0.41092012057933824
